<?xml version="1.0" encoding="UTF-8"?>
<project xmlns="http://maven.apache.org/POM/4.0.0" xmlns:xsi="http://www.w3.org/2001/XMLSchema-instance"
		 xsi:schemaLocation="http://maven.apache.org/POM/4.0.0 http://maven.apache.org/xsd/maven-4.0.0.xsd">
	<modelVersion>4.0.0</modelVersion>

	<groupId>com.example</groupId>
	<artifactId>junit5-jupiter-starter-maven-snapshot</artifactId>
	<version>1.0-SNAPSHOT</version>

	<properties>
		<project.build.sourceEncoding>UTF-8</project.build.sourceEncoding>
		<maven.compiler.source>1.8</maven.compiler.source>
		<maven.compiler.target>${maven.compiler.source}</maven.compiler.target>
	</properties>

	<dependencyManagement>
		<dependencies>
            <dependency>
                <groupId>org.junit</groupId>
                <artifactId>junit-bom</artifactId>
                <version>5.8.0-SNAPSHOT</version>
                <type>pom</type>
                <scope>import</scope>
            </dependency>
		</dependencies>
	</dependencyManagement>

	<dependencies>
		<dependency>
			<groupId>org.junit.jupiter</groupId>
			<artifactId>junit-jupiter</artifactId>
			<scope>test</scope>
		</dependency>
	</dependencies>

	<repositories>
		<repository>
			<id>oss-sonatype</id>
			<name>oss-sonatype</name>
			<url>https://oss.sonatype.org/content/repositories/snapshots/</url>
			<snapshots>
				<enabled>true</enabled>
			</snapshots>
		</repository>
	</repositories>

	<build>
		<plugins>
			<plugin>
				<artifactId>maven-compiler-plugin</artifactId>
				<version>3.8.1</version>
			</plugin>
			<plugin>
				<artifactId>maven-surefire-plugin</artifactId>
				<version>2.22.2</version>
			</plugin>
		</plugins>
	</build>

</project>
